Workbook

Sheet 00_HUONG_DAN
A1: MONEY 2026 — Hướng dẫn hệ thống
B3: MỤC TIÊU
B4: • 1 Dashboard chính nhìn toàn bộ tiền / nợ / công nợ / P&L theo job
B5: • Job Agency: danh sách mọi job (Agency + Job), mỗi job 1 sheet riêng kiểu LG
B6: • Bluescope Booking giữ FILE RIÊNG, Dashboard chỉ kéo TỔNG CÔNG NỢ / ngân sách
B7: • Thêm job mới = nhân bản sheet _TEMPLATE_JOB → đổi tên JOB_XXX → gắn vào 02_JOB_AGENCY
B9: CẤU TRÚC FILE
B10: • 01_DASHBOARD — Dashboard chính (KPI + tổng công nợ + tổng job)
B11: • 02_JOB_AGENCY — Sổ cái job/agency (registry + link sheet + link ngoài)
B12: • 03_CONG_NO — Công nợ khách hàng (tổng hợp, bao gồm Bluescope)
B13: • 04_NO_CA_NHAN — Nợ cá nhân (MOM, Trí) + lịch trả
B14: • 05_TIN_DUNG — Dư nợ thẻ tín dụng theo tháng
B15: • _TEMPLATE_JOB — Mẫu chi phí job (copy để tạo job mới như LG)
... B53: • Còn lại công nợ = Tổng HĐ − Đã thu

Sheet 01_DASHBOARD
A1: 💰 MONEY 2026 — DASHBOARD CHÍNH
A2: Bluescope booking (file riêng): https://docs.google.com/spreadsheets/d/1ygn6O9Ej1-AmaeCVDOp6UD3pnbiyhG0c-ZUJ4MgNzdo/edit | Job Agency & công nợ tự tổng hợp từ các sheet JOB_*
B4: A. TỔNG QUAN TÀI CHÍNH
B5: Khoản mục | C5: Số tiền (đ) | D5: Ghi chú
B6: 💵 Tiền hiện có | C6: ='99_CAU_HINH'!C6 | D6: Sửa ở 99_CAU_HINH
B7: 🏦 Nợ MOM còn lại | C7: ='04_NO_CA_NHAN'!J2 | D7: Từ lịch trả MOM
B8: 👤 Nợ a Trí còn lại | C8: ='04_NO_CA_NHAN'!J3 | D8: Từ log trả Trí
B9: 💳 Tín dụng đang dùng | C9: ='05_TIN_DUNG'!S1 | D9: Tổng dư thẻ
B10: 📊 Tổng nợ phải trả | C10: =C7+C8+C9 | D10: MOM + Trí + Thẻ
B11: 📈 Thực có (Tiền − Nợ) | C11: =C6-C10 | D11: Âm = đang âm vốn
B13: B. CÔNG NỢ KHÁCH HÀNG (từ 03_CONG_NO ← Job Agency ← job sheets + Bluescope)
B14: Tổng giá trị HĐ / booking | C14: ='03_CONG_NO'!D38
B15: Đã thu | C15: ='03_CONG_NO'!E38
B16: 🔴 TỔNG CÒN PHẢI THU | C16: ='03_CONG_NO'!F38 | D16: ← Đây là tổng công nợ liên kết Dashboard
B18: C. TỔNG P&L THEO JOB AGENCY
B19: Tổng chi phí jobs | C19: ='02_JOB_AGENCY'!H31
B20: Tổng lợi nhuận gộp | C20: ='02_JOB_AGENCY'!I31
B22: # | C22: Agency / Job | D22: Tổng HĐ | E22: Còn lại | F22: Lợi nhuận | G22: Trạng thái
B23: 1 | C23: =IF('02_JOB_AGENCY'!B5="","",'02_JOB_AGENCY'!B5&" — "&'02_JOB_AGENCY'!C5) | D23: =IF('02_JOB_AGENCY'!B5="","",'02_JOB_AGENCY'!E5) | E23: =IF('02_JOB_AGENCY'!B5="","",'02_JOB_AGENCY'!G5) | F23: =IF('02_JOB_AGENCY'!B5="","",'02_JOB_AGENCY'!I5) | G23: =IF('02_JOB_AGENCY'!B5="","",'02_JOB_AGENCY'!J5)
B24: 2 | C24: =IF('02_JOB_AGENCY'!B6="","",'02_JOB_AGENCY'!B6&" — "&'02_JOB_AGENCY'!C6) | D24: =IF('02_JOB_AGENCY'!B6="","",'02_JOB_AGENCY'!E6) | E24: =IF('02_JOB_AGENCY'!B6="","",'02_JOB_AGENCY'!G6) | F24: =IF('02_JOB_AGENCY'!B6="","",'02_JOB_AGENCY'!I6) | G24: =IF('02_JOB_AGENCY'!B6="","",'02_JOB_AGENCY'!J6)
B25: 3 | C25: =IF('02_JOB_AGENCY'!B7="","",'02_JOB_AGENCY'!B7&" — "&'02_JOB_AGENCY'!C7) | D25: =IF('02_JOB_AGENCY'!B7="","",'02_JOB_AGENCY'!E7) | E25: =IF('02_JOB_AGENCY'!B7="","",'02_JOB_AGENCY'!G7) | F25: =IF('02_JOB_AGENCY'!B7="","",'02_JOB_AGENCY'!I7) | G25: =IF('02_JOB_AGENCY'!B7="","",'02_JOB_AGENCY'!J7)
B26: 4 | C26: =IF('02_JOB_AGENCY'!B8="","",'02_JOB_AGENCY'!B8&" — "&'02_JOB_AGENCY'!C8) | D26: =IF('02_JOB_AGENCY'!B8="","",'02_JOB_AGENCY'!E8) | E26: =IF('02_JOB_AGENCY'!B8="","",'02_JOB_AGENCY'!G8) | F26: =IF('02_JOB_AGENCY'!B8="","",'02_JOB_AGENCY'!I8) | G26: =IF('02_JOB_AGENCY'!B8="","",'02_JOB_AGENCY'!J8)
B27: 5 | C27: =IF('02_JOB_AGENCY'!B9="","",'02_JOB_AGENCY'!B9&" — "&'02_JOB_AGENCY'!C9) | D27: =IF('02_JOB_AGENCY'!B9="","",'02_JOB_AGENCY'!E9) | E27: =IF('02_JOB_AGENCY'!B9="","",'02_JOB_AGENCY'!G9) | F27: =IF('02_JOB_AGENCY'!B9="","",'02_JOB_AGENCY'!I9) | G27: =IF('02_JOB_AGENCY'!B9="","",'02_JOB_AGENCY'!J9)
B28: 6 | C28: =IF('02_JOB_AGENCY'!B10="","",'02_JOB_AGENCY'!B10&" — "&'02_JOB_AGENCY'!C10) | D28: =IF('02_JOB_AGENCY'!B10="","",'02_JOB_AGENCY'!E10) | E28: =IF('02_JOB_AGENCY'!B10="","",'02_JOB_AGENCY'!G10) | F28: =IF('02_JOB_AGENCY'!B10="","",'02_JOB_AGENCY'!I10) | G28: =IF('02_JOB_AGENCY'!B10="","",'02_JOB_AGENCY'!J10)
B29: 7 | C29: =IF('02_JOB_AGENCY'!B11="","",'02_JOB_AGENCY'!B11&" — "&'02_JOB_AGENCY'!C11) | D29: =IF('02_JOB_AGENCY'!B11="","",'02_JOB_AGENCY'!E11) | E29: =IF('02_JOB_AGENCY'!B11="","",'02_JOB_AGENCY'!G11) | F29: =IF('02_JOB_AGENCY'!B11="","",'02_JOB_AGENCY'!I11) | G29: =IF('02_JOB_AGENCY'!B11="","",'02_JOB_AGENCY'!J11)
B30: 8 | C30: =IF('02_JOB_AGENCY'!B12="","",'02_JOB_AGENCY'!B12&" — "&'02_JOB_AGENCY'!C12) | D30: =IF('02_JOB_AGENCY'!B12="","",'02_JOB_AGENCY'!E12) | E30: =IF('02_JOB_AGENCY'!B12="","",'02_JOB_AGENCY'!G12) | F30: =IF('02_JOB_AGENCY'!B12="","",'02_JOB_AGENCY'!I12) | G30: =IF('02_JOB_AGENCY'!B12="","",'02_JOB_AGENCY'!J12)
B31: 9 | C31: =IF('02_JOB_AGENCY'!B13="","",'02_JOB_AGENCY'!B13&" — "&'02_JOB_AGENCY'!C13) | D31: =IF('02_JOB_AGENCY'!B13="","",'02_JOB_AGENCY'!E13) | E31: =IF('02_JOB_AGENCY'!B13="","",'02_JOB_AGENCY'!G13) | F31: =IF('02_JOB_AGENCY'!B13="","",'02_JOB_AGENCY'!I13) | G31: =IF('02_JOB_AGENCY'!B13="","",'02_JOB_AGENCY'!J13)
B32: 10 | C32: =IF('02_JOB_AGENCY'!B14="","",'02_JOB_AGENCY'!B14&" — "&'02_JOB_AGENCY'!C14) | D32: =IF('02_JOB_AGENCY'!B14="","",'02_JOB_AGENCY'!E14) | E32: =IF('02_JOB_AGENCY'!B14="","",'02_JOB_AGENCY'!G14) | F32: =IF('02_JOB_AGENCY'!B14="","",'02_JOB_AGENCY'!I14) | G32: =IF('02_JOB_AGENCY'!B14="","",'02_JOB_AGENCY'!J14)
B34: D. LIÊN KẾT NHANH
B35: Job Agency (sổ cái) | C35: Xem sheet 02_JOB_AGENCY
B36: Công nợ chi tiết | C36: Xem sheet 03_CONG_NO
B37: Job LG (mẫu) | C37: Xem sheet JOB_LG — copy _TEMPLATE_JOB để thêm job
B38: Job Bluescope | C38: Xem sheet JOB_BLUESCOPE
B39: Mở Bluescope Booking (file riêng) | C39: https://docs.google.com/spreadsheets/d/1ygn6O9Ej1-AmaeCVDOp6UD3pnbiyhG0c-ZUJ4MgNzdo/edit
B40: Cấu hình % / tiền hiện có | C40: Xem sheet 99_CAU_HINH
B42: Net sức khỏe = Tiền hiện có + Công nợ phải thu − Tổng nợ phải trả → | C42: =C6+C16-C10 | D42: Tiền + phải thu − phải trả

Sheet 02_JOB_AGENCY
A1: 02 · JOB AGENCY — Sổ cái job (nhiều job kiểu LG)
A2: Mỗi dòng = 1 job. Cột 'Tên sheet' phải trùng tên tab (JOB_LG, JOB_BLUESCOPE, …). Các cột tiền tự lấy từ EXPORT_KPI (I4:I11) của sheet job. Thêm job: copy _TEMPLATE_JOB + thêm dòng.
A4: # | B4: Agency | C4: Tên job | D4: Tên sheet | E4: Tổng HĐ | F4: Đã thu | G4: Còn lại | H4: Chi phí | I4: Lợi nhuận | J4: Trạng thái | K4: Link ngoài | L4: Ghi chú
A5: 1 | B5: LG | C5: LG Production | D5: JOB_LG | E5: =IF(D5="","",IFERROR(INDIRECT("'"&D5&"'!I4"),0)) | F5: =IF(D5="","",IFERROR(INDIRECT("'"&D5&"'!I5"),0)) | G5: =IF(D5="","",IFERROR(INDIRECT("'"&D5&"'!I6"),0)) | H5: =IF(D5="","",IFERROR(INDIRECT("'"&D5&"'!I7"),0)) | I5: =IF(D5="","",IFERROR(INDIRECT("'"&D5&"'!I8"),0)) | J5: =IF(D5="","",IFERROR(INDIRECT("'"&D5&"'!I11"),"")) | K5: =IF(D5="","",IFERROR(INDIRECT("'"&D5&"'!I12"),""))
A6: 2 | B6: Bluescope | C6: Booking 2025–2026 | D6: JOB_BLUESCOPE | E6: =IF(D6="","",IFERROR(INDIRECT("'"&D6&"'!I4"),0)) | F6: =IF(D6="","",IFERROR(INDIRECT("'"&D6&"'!I5"),0)) | G6: =IF(D6="","",IFERROR(INDIRECT("'"&D6&"'!I6"),0)) | H6: =IF(D6="","",IFERROR(INDIRECT("'"&D6&"'!I7"),0)) | I6: =IF(D6="","",IFERROR(INDIRECT("'"&D6&"'!I8"),0)) | J6: =IF(D6="","",IFERROR(INDIRECT("'"&D6&"'!I11"),"")) | K6: =IF(D6="","",IFERROR(INDIRECT("'"&D6&"'!I12"),"https://docs.google.com/spreadsheets/d/1ygn6O9Ej1-AmaeCVDOp6UD3pnbiyhG0c-ZUJ4MgNzdo/edit"))
A7: 3 | B7: Bizeyes - Thảo Hiếu | C7: Rivus | E7: 10700000 | F7: 0 | G7: =E7-F7 | H7: 0 | I7: 0 | J7: Chưa gắn sheet
A8: 4 | B8: Bizeyes - Hiếu | C8: Masteris | E8: 2500000 | F8: 0 | G8: =E8-F8 | H8: 0 | I8: 0 | J8: Chưa gắn sheet
A9: 5 | B9: Bizeyes - Tuan | C9: Elyse | E9: 5000000 | F9: 0 | G9: =E9-F9 | H9: 0 | I9: 0 | J9: Chưa gắn sheet
A10: 6 | B10: 2 Mic | C10: 2 Mic | E10: 7000000 | F10: 0 | G10: =E10-F10 | H10: 0 | I10: 0 | J10: Chưa gắn sheet
A11: 7 | B11: a Trí | C11: Job a Trí | E11: 3500000 | F11: 0 | G11: =E11-F11 | H11: 0 | I11: 0 | J11: Chưa gắn sheet
A12: 8 | B12: Sky slois | C12: Sky slois | E12: 20000000 | F12: 0 | G12: =E12-F12 | H12: 0 | I12: 0 | J12: Chưa gắn sheet
A13: 9 | B13: Sun Group | C13: Sun Group | E13: 23000000 | F13: 0 | G13: =E13-F13 | H13: 0 | I13: 0 | J13: Chưa gắn sheet
A14: 10 | B14: pbcm | C14: pbcm | E14: 26000000 | F14: 0 | G14: =E14-F14 | H14: 0 | I14: 0 | J14: Chưa gắn sheet
A15: 11 | E15: =IF(D15<>"",IFERROR(INDIRECT("'"&D15&"'!I4"),0),0) | F15: =IF(D15<>"",IFERROR(INDIRECT("'"&D15&"'!I5"),0),0) | G15: =IF(D15<>"",IFERROR(INDIRECT("'"&D15&"'!I6"),0),E15-F15) | H15: =IF(D15<>"",IFERROR(INDIRECT("'"&D15&"'!I7"),0),0) | I15: =IF(D15<>"",IFERROR(INDIRECT("'"&D15&"'!I8"),0),0) | J15: =IF(D15<>"",IFERROR(INDIRECT("'"&D15&"'!I11"),""),"") | K15: =IF(D15<>"",IFERROR(INDIRECT("'"&D15&"'!I12"),""),"")
A16: 12 | E16: =IF(D16<>"",IFERROR(INDIRECT("'"&D16&"'!I4"),0),0) | F16: =IF(D16<>"",IFERROR(INDIRECT("'"&D16&"'!I5"),0),0) | G16: =IF(D16<>"",IFERROR(INDIRECT("'"&D16&"'!I6"),0),E16-F16) | H16: =IF(D16<>"",IFERROR(INDIRECT("'"&D16&"'!I7"),0),0) | I16: =IF(D16<>"",IFERROR(INDIRECT("'"&D16&"'!I8"),0),0) | J16: =IF(D16<>"",IFERROR(INDIRECT("'"&D16&"'!I11"),""),"") | K16: =IF(D16<>"",IFERROR(INDIRECT("'"&D16&"'!I12"),""),"")
A17: 13 | E17: =IF(D17<>"",IFERROR(INDIRECT("'"&D17&"'!I4"),0),0) | F17: =IF(D17<>"",IFERROR(INDIRECT("'"&D17&"'!I5"),0),0) | G17: =IF(D17<>"",IFERROR(INDIRECT("'"&D17&"'!I6"),0),E17-F17) | H17: =IF(D17<>"",IFERROR(INDIRECT("'"&D17&"'!I7"),0),0) | I17: =IF(D17<>"",IFERROR(INDIRECT("'"&D17&"'!I8"),0),0) | J17: =IF(D17<>"",IFERROR(INDIRECT("'"&D17&"'!I11"),""),"") | K17: =IF(D17<>"",IFERROR(INDIRECT("'"&D17&"'!I12"),""),"")
A18: 14 | E18: =IF(D18<>"",IFERROR(INDIRECT("'"&D18&"'!I4"),0),0) | F18: =IF(D18<>"",IFERROR(INDIRECT("'"&D18&"'!I5"),0),0) | G18: =IF(D18<>"",IFERROR(INDIRECT("'"&D18&"'!I6"),0),E18-F18) | H18: =IF(D18<>"",IFERROR(INDIRECT("'"&D18&"'!I7"),0),0) | I18: =IF(D18<>"",IFERROR(INDIRECT("'"&D18&"'!I8"),0),0) | J18: =IF(D18<>"",IFERROR(INDIRECT("'"&D18&"'!I11"),""),"") | K18: =IF(D18<>"",IFERROR(INDIRECT("'"&D18&"'!I12"),""),"")
A19: 15 | E19: =IF(D19<>"",IFERROR(INDIRECT("'"&D19&"'!I4"),0),0) | F19: =IF(D19<>"",IFERROR(INDIRECT("'"&D19&"'!I5"),0),0) | G19: =IF(D19<>"",IFERROR(INDIRECT("'"&D19&"'!I6"),0),E19-F19) | H19: =IF(D19<>"",IFERROR(INDIRECT("'"&D19&"'!I7"),0),0) | I19: =IF(D19<>"",IFERROR(INDIRECT("'"&D19&"'!I8"),0),0) | J19: =IF(D19<>"",IFERROR(INDIRECT("'"&D19&"'!I11"),""),"") | K19: =IF(D19<>"",IFERROR(INDIRECT("'"&D19&"'!I12"),""),"")
A20: 16 | E20: =IF(D20<>"",IFERROR(INDIRECT("'"&D20&"'!I4"),0),0) | F20: =IF(D20<>"",IFERROR(INDIRECT("'"&D20&"'!I5"),0),0) | G20: =IF(D20<>"",IFERROR(INDIRECT("'"&D20&"'!I6"),0),E20-F20) | H20: =IF(D20<>"",IFERROR(INDIRECT("'"&D20&"'!I7"),0),0) | I20: =IF(D20<>"",IFERROR(INDIRECT("'"&D20&"'!I8"),0),0) | J20: =IF(D20<>"",IFERROR(INDIRECT("'"&D20&"'!I11"),""),"") | K20: =IF(D20<>"",IFERROR(INDIRECT("'"&D20&"'!I12"),""),"")
A21: 17 | E21: =IF(D21<>"",IFERROR(INDIRECT("'"&D21&"'!I4"),0),0) | F21: =IF(D21<>"",IFERROR(INDIRECT("'"&D21&"'!I5"),0),0) | G21: =IF(D21<>"",IFERROR(INDIRECT("'"&D21&"'!I6"),0),E21-F21) | H21: =IF(D21<>"",IFERROR(INDIRECT("'"&D21&"'!I7"),0),0) | I21: =IF(D21<>"",IFERROR(INDIRECT("'"&D21&"'!I8"),0),0) | J21: =IF(D21<>"",IFERROR(INDIRECT("'"&D21&"'!I11"),""),"") | K21: =IF(D21<>"",IFERROR(INDIRECT("'"&D21&"'!I12"),""),"")
A22: 18 | E22: =IF(D22<>"",IFERROR(INDIRECT("'"&D22&"'!I4"),0),0) | F22: =IF(D22<>"",IFERROR(INDIRECT("'"&D22&"'!I5"),0),0) | G22: =IF(D22<>"",IFERROR(INDIRECT("'"&D22&"'!I6"),0),E22-F22) | H22: =IF(D22<>"",IFERROR(INDIRECT("'"&D22&"'!I7"),0),0) | I22: =IF(D22<>"",IFERROR(INDIRECT("'"&D22&"'!I8"),0),0) | J22: =IF(D22<>"",IFERROR(INDIRECT("'"&D22&"'!I11"),""),"") | K22: =IF(D22<>"",IFERROR(INDIRECT("'"&D22&"'!I12"),""),"")
A23: 19 | E23: =IF(D23<>"",IFERROR(INDIRECT("'"&D23&"'!I4"),0),0) | F23: =IF(D23<>"",IFERROR(INDIRECT("'"&D23&"'!I5"),0),0) | G23: =IF(D23<>"",IFERROR(INDIRECT("'"&D23&"'!I6"),0),E23-F23) | H23: =IF(D23<>"",IFERROR(INDIRECT("'"&D23&"'!I7"),0),0) | I23: =IF(D23<>"",IFERROR(INDIRECT("'"&D23&"'!I8"),0),0) | J23: =IF(D23<>"",IFERROR(INDIRECT("'"&D23&"'!I11"),""),"") | K23: =IF(D23<>"",IFERROR(INDIRECT("'"&D23&"'!I12"),""),"")
A24: 20 | E24: =IF(D24<>"",IFERROR(INDIRECT("'"&D24&"'!I4"),0),0) | F24: =IF(D24<>"",IFERROR(INDIRECT("'"&D24&"'!I5"),0),0) | G24: =IF(D24<>"",IFERROR(INDIRECT("'"&D24&"'!I6"),0),E24-F24) | H24: =IF(D24<>"",IFERROR(INDIRECT("'"&D24&"'!I7"),0),0) | I24: =IF(D24<>"",IFERROR(INDIRECT("'"&D24&"'!I8"),0),0) | J24: =IF(D24<>"",IFERROR(INDIRECT("'"&D24&"'!I11"),""),"") | K24: =IF(D24<>"",IFERROR(INDIRECT("'"&D24&"'!I12"),""),"")
A25: 21 | E25: =IF(D25<>"",IFERROR(INDIRECT("'"&D25&"'!I4"),0),0) | F25: =IF(D25<>"",IFERROR(INDIRECT("'"&D25&"'!I5"),0),0) | G25: =IF(D25<>"",IFERROR(INDIRECT("'"&D25&"'!I6"),0),E25-F25) | H25: =IF(D25<>"",IFERROR(INDIRECT("'"&D25&"'!I7"),0),0) | I25: =IF(D25<>"",IFERROR(INDIRECT("'"&D25&"'!I8"),0),0) | J25: =IF(D25<>"",IFERROR(INDIRECT("'"&D25&"'!I11"),""),"") | K25: =IF(D25<>"",IFERROR(INDIRECT("'"&D25&"'!I12"),""),"")
A26: 22 | E26: =IF(D26<>"",IFERROR(INDIRECT("'"&D26&"'!I4"),0),0) | F26: =IF(D26<>"",IFERROR(INDIRECT("'"&D26&"'!I5"),0),0) | G26: =IF(D26<>"",IFERROR(INDIRECT("'"&D26&"'!I6"),0),E26-F26) | H26: =IF(D26<>"",IFERROR(INDIRECT("'"&D26&"'!I7"),0),0) | I26: =IF(D26<>"",IFERROR(INDIRECT("'"&D26&"'!I8"),0),0) | J26: =IF(D26<>"",IFERROR(INDIRECT("'"&D26&"'!I11"),""),"") | K26: =IF(D26<>"",IFERROR(INDIRECT("'"&D26&"'!I12"),""),"")
... A29: 25 | E29: =IF(D29<>"",IFERROR(INDIRECT("'"&D29&"'!I4"),0),0) | F29: =IF(D29<>"",IFERROR(INDIRECT("'"&D29&"'!I5"),0),0) | G29: =IF(D29<>"",IFERROR(INDIRECT("'"&D29&"'!I6"),0),E29-F29) | H29: =IF(D29<>"",IFERROR(INDIRECT("'"&D29&"'!I7"),0),0) | I29: =IF(D29<>"",IFERROR(INDIRECT("'"&D29&"'!I8"),0),0) | J29: =IF(D29<>"",IFERROR(INDIRECT("'"&D29&"'!I11"),""),"") | K29: =IF(D29<>"",IFERROR(INDIRECT("'"&D29&"'!I12"),""),"")
B31: TỔNG CỘNG | E31: =SUM(E5:E29) | F31: =SUM(F5:F29) | G31: =SUM(G5:G29) | H31: =SUM(H5:H29) | I31: =SUM(I5:I29)

Sheet 03_CONG_NO
A1: 03 · CÔNG NỢ KHÁCH HÀNG (tổng → Dashboard)
A2: Nguồn chính: 02_JOB_AGENCY (tự đồng bộ). Bluescope là 1 dòng trong Agency + file booking riêng. Có thể bổ sung khoản ngoài job ở cuối bảng (vàng).
A4: # | B4: Agency | C4: Tên job | D4: Tổng HĐ | E4: Đã thu | F4: Còn lại | G4: Trạng thái thu | H4: Ghi chú
A5: 1 | B5: ='02_JOB_AGENCY'!B5 | C5: ='02_JOB_AGENCY'!C5 | D5: ='02_JOB_AGENCY'!E5 | E5: ='02_JOB_AGENCY'!F5 | F5: ='02_JOB_AGENCY'!G5 | G5: =IF(OR(B5="",D5=0),"",IF(E5>=D5,"✅ Đã thu",IF(E5>0,"⚠️ Một phần","🔴 Chưa thu")))
A6: 2 | B6: ='02_JOB_AGENCY'!B6 | C6: ='02_JOB_AGENCY'!C6 | D6: ='02_JOB_AGENCY'!E6 | E6: ='02_JOB_AGENCY'!F6 | F6: ='02_JOB_AGENCY'!G6 | G6: =IF(OR(B6="",D6=0),"",IF(E6>=D6,"✅ Đã thu",IF(E6>0,"⚠️ Một phần","🔴 Chưa thu")))
A7: 3 | B7: ='02_JOB_AGENCY'!B7 | C7: ='02_JOB_AGENCY'!C7 | D7: ='02_JOB_AGENCY'!E7 | E7: ='02_JOB_AGENCY'!F7 | F7: ='02_JOB_AGENCY'!G7 | G7: =IF(OR(B7="",D7=0),"",IF(E7>=D7,"✅ Đã thu",IF(E7>0,"⚠️ Một phần","🔴 Chưa thu")))
A8: 4 | B8: ='02_JOB_AGENCY'!B8 | C8: ='02_JOB_AGENCY'!C8 | D8: ='02_JOB_AGENCY'!E8 | E8: ='02_JOB_AGENCY'!F8 | F8: ='02_JOB_AGENCY'!G8 | G8: =IF(OR(B8="",D8=0),"",IF(E8>=D8,"✅ Đã thu",IF(E8>0,"⚠️ Một phần","🔴 Chưa thu")))
A9: 5 | B9: ='02_JOB_AGENCY'!B9 | C9: ='02_JOB_AGENCY'!C9 | D9: ='02_JOB_AGENCY'!E9 | E9: ='02_JOB_AGENCY'!F9 | F9: ='02_JOB_AGENCY'!G9 | G9: =IF(OR(B9="",D9=0),"",IF(E9>=D9,"✅ Đã thu",IF(E9>0,"⚠️ Một phần","🔴 Chưa thu")))
A10: 6 | B10: ='02_JOB_AGENCY'!B10 | C10: ='02_JOB_AGENCY'!C10 | D10: ='02_JOB_AGENCY'!E10 | E10: ='02_JOB_AGENCY'!F10 | F10: ='02_JOB_AGENCY'!G10 | G10: =IF(OR(B10="",D10=0),"",IF(E10>=D10,"✅ Đã thu",IF(E10>0,"⚠️ Một phần","🔴 Chưa thu")))
A11: 7 | B11: ='02_JOB_AGENCY'!B11 | C11: ='02_JOB_AGENCY'!C11 | D11: ='02_JOB_AGENCY'!E11 | E11: ='02_JOB_AGENCY'!F11 | F11: ='02_JOB_AGENCY'!G11 | G11: =IF(OR(B11="",D11=0),"",IF(E11>=D11,"✅ Đã thu",IF(E11>0,"⚠️ Một phần","🔴 Chưa thu")))
A12: 8 | B12: ='02_JOB_AGENCY'!B12 | C12: ='02_JOB_AGENCY'!C12 | D12: ='02_JOB_AGENCY'!E12 | E12: ='02_JOB_AGENCY'!F12 | F12: ='02_JOB_AGENCY'!G12 | G12: =IF(OR(B12="",D12=0),"",IF(E12>=D12,"✅ Đã thu",IF(E12>0,"⚠️ Một phần","🔴 Chưa thu")))
A13: 9 | B13: ='02_JOB_AGENCY'!B13 | C13: ='02_JOB_AGENCY'!C13 | D13: ='02_JOB_AGENCY'!E13 | E13: ='02_JOB_AGENCY'!F13 | F13: ='02_JOB_AGENCY'!G13 | G13: =IF(OR(B13="",D13=0),"",IF(E13>=D13,"✅ Đã thu",IF(E13>0,"⚠️ Một phần","🔴 Chưa thu")))
A14: 10 | B14: ='02_JOB_AGENCY'!B14 | C14: ='02_JOB_AGENCY'!C14 | D14: ='02_JOB_AGENCY'!E14 | E14: ='02_JOB_AGENCY'!F14 | F14: ='02_JOB_AGENCY'!G14 | G14: =IF(OR(B14="",D14=0),"",IF(E14>=D14,"✅ Đã thu",IF(E14>0,"⚠️ Một phần","🔴 Chưa thu")))
A15: 11 | B15: ='02_JOB_AGENCY'!B15 | C15: ='02_JOB_AGENCY'!C15 | D15: ='02_JOB_AGENCY'!E15 | E15: ='02_JOB_AGENCY'!F15 | F15: ='02_JOB_AGENCY'!G15 | G15: =IF(OR(B15="",D15=0),"",IF(E15>=D15,"✅ Đã thu",IF(E15>0,"⚠️ Một phần","🔴 Chưa thu")))
A16: 12 | B16: ='02_JOB_AGENCY'!B16 | C16: ='02_JOB_AGENCY'!C16 | D16: ='02_JOB_AGENCY'!E16 | E16: ='02_JOB_AGENCY'!F16 | F16: ='02_JOB_AGENCY'!G16 | G16: =IF(OR(B16="",D16=0),"",IF(E16>=D16,"✅ Đã thu",IF(E16>0,"⚠️ Một phần","🔴 Chưa thu")))
... A29: 25 | B29: ='02_JOB_AGENCY'!B29 | C29: ='02_JOB_AGENCY'!C29 | D29: ='02_JOB_AGENCY'!E29 | E29: ='02_JOB_AGENCY'!F29 | F29: ='02_JOB_AGENCY'!G29 | G29: =IF(OR(B29="",D29=0),"",IF(E29>=D29,"✅ Đã thu",IF(E29>0,"⚠️ Một phần","🔴 Chưa thu")))
B31: — Khoản ngoài job (nhập tay) —
A32: 26 | D32: 0 | E32: 0 | F32: =D32-E32 | G32: =IF(D32=0,"",IF(E32>=D32,"✅ Đã thu",IF(E32>0,"⚠️ Một phần","🔴 Chưa thu")))
A33: 27 | D33: 0 | E33: 0 | F33: =D33-E33 | G33: =IF(D33=0,"",IF(E33>=D33,"✅ Đã thu",IF(E33>0,"⚠️ Một phần","🔴 Chưa thu")))
A34: 28 | D34: 0 | E34: 0 | F34: =D34-E34 | G34: =IF(D34=0,"",IF(E34>=D34,"✅ Đã thu",IF(E34>0,"⚠️ Một phần","🔴 Chưa thu")))
A35: 29 | D35: 0 | E35: 0 | F35: =D35-E35 | G35: =IF(D35=0,"",IF(E35>=D35,"✅ Đã thu",IF(E35>0,"⚠️ Một phần","🔴 Chưa thu")))
A36: 30 | D36: 0 | E36: 0 | F36: =D36-E36 | G36: =IF(D36=0,"",IF(E36>=D36,"✅ Đã thu",IF(E36>0,"⚠️ Một phần","🔴 Chưa thu")))
B38: TỔNG CÔNG NỢ | D38: =SUM(D5:D36) | E38: =SUM(E5:E36) | F38: =SUM(F5:F36)
B40: → Dashboard đọc F38 (Tổng còn lại) và D38 (Tổng HĐ).

Sheet 04_NO_CA_NHAN
A1: 04 · NỢ CÁ NHÂN & LỊCH TRẢ | I1: EXPORT
I2: No_MOM | J2: =F5
A3: 1. NỢ MOM (trả cố định / tháng) | I3: No_Tri | J3: =F35
A4: Nợ gốc | B4: ='99_CAU_HINH'!C7 | C4: Trả/tháng | D4: ='99_CAU_HINH'!C8 | E4: Số tháng đã trả | F4: 0
A5: Nợ MOM còn lại | F5: =B4-(D4*F4) | G5: ← Cập nhật F4 khi trả
A7: Tháng | B7: Kỳ | C7: Số tiền trả | D7: Ngày trả | E7: Đã trả? | F7: Nợ còn lại | G7: Ghi chú
A8: 1 | B8: T7/2026 | C8: =$D$4 | F8: =$B$4-C8
A9: 2 | B9: T8/2026 | C9: =$D$4 | F9: =F8-C9
A10: 3 | B10: T9/2026 | C10: =$D$4 | F10: =F9-C10
A11: 4 | B11: T10/2026 | C11: =$D$4 | F11: =F10-C11
A12: 5 | B12: T11/2026 | C12: =$D$4 | F12: =F11-C12
A13: 6 | B13: T12/2026 | C13: =$D$4 | F13: =F12-C13
A14: 7 | B14: T1/2027 | C14: =$D$4 | F14: =F13-C14
A15: 8 | B15: T2/2027 | C15: =$D$4 | F15: =F14-C15
A16: 9 | B16: T3/2027 | C16: =$D$4 | F16: =F15-C16
A17: 10 | B17: T4/2027 | C17: =$D$4 | F17: =F16-C17
A18: 11 | B18: T5/2027 | C18: =$D$4 | F18: =F17-C18
A19: 12 | B19: T6/2027 | C19: =$D$4 | F19: =F18-C19
A20: 13 | B20: T7/2027 | C20: =$D$4 | F20: =F19-C20
... A31: 24 | B31: T6/2028 | C31: =$D$4 | F31: =F30-C31
A34: 2. NỢ A TRÍ
A35: Nợ gốc | B35: ='99_CAU_HINH'!C9 | C35: Đã trả | D35: 0 | E35: Còn lại | F35: =B35-D35
A37: Lịch / log trả a Trí
A38: # | B38: Ngày | C38: Số tiền | D38: Hình thức | E38: Ghi chú
A39: 1 | C39: 0
A40: 2 | C40: 0
A41: 3 | C41: 0
A42: 4 | C42: 0
A43: 5 | C43: 0
A44: 6 | C44: 0
A45: 7 | C45: 0
A46: 8 | C46: 0
A47: 9 | C47: 0
A48: 10 | C48: 0
A50: Tổng đã trả (log) | C50: =SUM(C39:C48) | D50: Có thể copy số này sang D35

Sheet 05_TIN_DUNG
A1: 05 · TÍN DỤNG — Dư nợ thẻ theo tháng | R1: EXPORT_Tong_TinDung | S1: =D13
A3: STT | B3: Ngân hàng | C3: Dòng | D3: Dư nợ gốc | E3: T7/26 | F3: T8/26 | G3: T9/26 | H3: T10/26 | I3: T11/26 | J3: T12/26 | K3: T1/27 | L3: T2/27 | M3: T3/27 | N3: T4/27 | O3: T5/27 | P3: T6/27
A4: 1 | B4: TPBANK | C4: 💳 Đã trả | D4: 2000000 | E4: 0 | F4: 0 | G4: 0 | H4: 0 | I4: 0 | J4: 0 | K4: 0 | L4: 0 | M4: 0 | N4: 0 | O4: 0 | P4: 0
C5: ✅ Còn lại | D5: =D4 | E5: =D5-E4 | F5: =E5-F4 | G5: =F5-G4 | H5: =G5-H4 | I5: =H5-I4 | J5: =I5-J4 | K5: =J5-K4 | L5: =K5-L4 | ... P5: =O5-P4
A6: 2 | B6: TECHCOMBANK | C6: 💳 Đã trả | D6: 2500000 | E6: 0 | F6: 0 | G6: 0 | H6: 0 | I6: 0 | J6: 0 | K6: 0 | L6: 0 | M6: 0 | N6: 0 | O6: 0 | P6: 0
C7: ✅ Còn lại | D7: =D6 | E7: =D7-E6 | F7: =E7-F6 | G7: =F7-G6 | H7: =G7-H6 | I7: =H7-I6 | J7: =I7-J6 | K7: =J7-K6 | L7: =K7-L6 | ... P7: =O7-P6
A8: 3 | B8: OCB | C8: 💳 Đã trả | D8: 2000000 | E8: 0 | F8: 0 | G8: 0 | H8: 0 | I8: 0 | J8: 0 | K8: 0 | L8: 0 | M8: 0 | N8: 0 | O8: 0 | P8: 0
C9: ✅ Còn lại | D9: =D8 | E9: =D9-E8 | F9: =E9-F8 | G9: =F9-G8 | H9: =G9-H8 | I9: =H9-I8 | J9: =I9-J8 | K9: =J9-K8 | L9: =K9-L8 | ... P9: =O9-P8
A10: 4 | B10: SCB | C10: 💳 Đã trả | D10: 4000000 | E10: 0 | F10: 0 | G10: 0 | H10: 0 | I10: 0 | J10: 0 | K10: 0 | L10: 0 | M10: 0 | N10: 0 | O10: 0 | P10: 0
C11: ✅ Còn lại | D11: =D10 | E11: =D11-E10 | F11: =E11-F10 | G11: =F11-G10 | H11: =G11-H10 | I11: =H11-I10 | J11: =I11-J10 | K11: =J11-K10 | L11: =K11-L10 | ... P11: =O11-P10
B13: TỔNG DƯ NỢ HIỆN TẠI (cột gốc) | D13: =D5+D7+D9+D11
B15: Nhập số ĐÃ TRẢ từng tháng (ô vàng). Dòng Còn lại tự trừ dồn. Dashboard đọc tổng dư nợ gốc.

Sheet JOB_LG
A1: 🎬 JOB_LG — Production (mẫu job kiểu LG) | H1: EXPORT_KPI
B2: Agency / Client | C2: LG | D2: Tên job | E2: LG Production | H2: Agency | I2: =C2
B3: Trạng thái | C3: Chờ thu | D3: Link file ngoài (nếu có) | H3: Job | I3: =E2
H4: Tong_HD | I4: =C6
B5: A. HỢP ĐỒNG | H5: Da_Thu | I5: =C8
B6: Tổng phí ký hợp đồng | C6: 63104000 | D6: ← Nhập tổng giá trị HĐ | H6: Con_Lai | I6: =C9
B7: Phí xuất hoá đơn | C7: =C6*'99_CAU_HINH'!C4 | D7: =% phí × Tổng HĐ (cấu hình) | H7: Chi_Phi | I7: =C32
B8: Đã thu từ KH | C8: 0 | D8: ← Số đã nhận | H8: Loi_Nhuan | I8: =C33
B9: Còn phải thu (công nợ) | C9: =C6-C8 | D9: Tổng HĐ − Đã thu | H9: A_Tan | I9: =C34
H10: LN_Con_Lai | I10: =C35
B11: B. CHI PHÍ SẢN XUẤT (nhập từng dòng) | H11: Trang_Thai | I11: =C3
A12: # | B12: Hạng mục | C12: Số tiền (đ) | D12: Ghi chú | E12: Người nhận | F12: Đã chi? | H12: Link | I12: =E3
A13: 1 | B13: Camop 1 | C13: 8000000 | D13: Camera Operator 1 | F13: Chưa
A14: 2 | B14: Camop 2 | C14: 6000000 | D14: Camera Operator 2 | F14: Chưa
A15: 3 | B15: Producer | C15: 5000000 | D15: Producer | F15: Chưa
A16: 4 | B16: Catering | C16: 2000000 | D16: Ăn uống | F16: Chưa
A17: 5 | B17: Talent | C17: 3000000 | D17: Talent | F17: Chưa
A18: 6 | B18: Edit / Post | C18: 10000000 | D18: Dựng | F18: Chưa
A19: 7 | B19: Thiết bị / khác | C19: 4000000 | D19: Thuê TB | F19: Chưa
A20: 8 | B20: Chi khác 1 | C20: 0 | F20: Chưa
A21: 9 | B21: Chi khác 2 | C21: 0 | F21: Chưa
A22: 10 | B22: Chi khác 3 | C22: 0 | F22: Chưa
A23: 11 | C23: 0
A24: 12 | C24: 0
A25: 13 | C25: 0
A26: 14 | C26: 0
A27: 15 | C27: 0
B29: Tổng chi phí sản xuất | C29: =SUM(C13:C27)
B31: C. TỔNG KẾT P&L
B32: Tổng chi phí (HĐ fee + SX) | C32: =C7+C29 | D32: Phí HĐ + SX
B33: Lợi nhuận gộp | C33: =C6-C32 | D33: Tổng HĐ − Tổng chi phí
B34: 💰 A Tân (share) | C34: =C33*'99_CAU_HINH'!C5 | D34: % LN từ cấu hình
B35: Lợi nhuận còn lại | C35: =C33-C34 | D35: Sau A Tân
B36: Công nợ còn lại | C36: =C9 | D36: Link sang 03_CONG_NO / Agency
B39: 📌 Sau khi copy sheet: đổi tên tab JOB_XXX → cập nhật dòng tương ứng ở 02_JOB_AGENCY (cột Tên sheet).

Sheet JOB_BLUESCOPE
A1: 🎬 JOB_BLUESCOPE — Booking riêng (link file ngoài) | H1: EXPORT_KPI
B2: ⚡ File booking RIÊNG — không gộp vào Money. Mở: https://docs.google.com/spreadsheets/d/1ygn6O9Ej1-AmaeCVDOp6UD3pnbiyhG0c-ZUJ4MgNzdo/edit | H2: Agency | I2: =C4
H3: Job | I3: =C5
B4: Agency | C4: Bluescope / NS BlueScope | H4: Tong_HD | I4: =C13
B5: Tên job | C5: Booking production 2025–2026 | H5: Da_Thu | I5: =C14
B6: Trạng thái | C6: Đang làm | H6: Con_Lai | I6: =C15
H7: Chi_Phi | I7: =C11
B8: A. TỔNG HỢP TỪ FILE BOOKING (Google Sheets: thay bằng IMPORTRANGE) | H8: Loi_Nhuan | I8: =C13-C11
B9: Ngân sách (từ Bluescope L2) | C9: 100000000 | D9: Excel: nhập tay / GS: IMPORTRANGE L2 | H9: A_Tan | I9: 0
B10: Đã nhận | C10: 0 | H10: LN_Con_Lai | I10: =I8-I9
B11: Đã xài (từ Bluescope N2) | C11: 44000000 | D11: Hoặc SUM cột TỔNG event | H11: Trang_Thai | I11: =C6
B12: Còn lại ngân sách | C12: =C9-C11 | H12: Link | I12: https://docs.google.com/spreadsheets/d/1ygn6O9Ej1-AmaeCVDOp6UD3pnbiyhG0c-ZUJ4MgNzdo/edit
B13: Tổng HĐ / giá trị booking (dùng cho công nợ) | C13: =C9
B14: Đã thu từ KH | C14: 0
B15: Công nợ còn lại | C15: =C13-C14
B17: B. SỰ KIỆN ĐÃ BOOK (tóm tắt — chi tiết ở file Bluescope)
A18: # | B18: Tên sự kiện | C18: Ngày | D18: Tổng (đ) | E18: Ghi chú
A19: 1 | B19: Quay Trồng Cây | C19: 2026-06-11 | D19: 13000000 | E19: Đi tỉnh
A20: 2 | B20: Quay Bình Dương | C20: 2026-06-17 | D20: 16000000 | E20: Đi xa + NS
A21: 3 | B21: Sửa POSM | C21: 2026-06-26 | D21: 3000000
A22: 4 | B22: Recap Q3 | C22: 2025-06-06 | D22: 8000000 | E22: Edit
A23: 5 | B23: POSM 2 banner | C23: 2025-07-04 | D23: 2000000
A24: 6 | B24: Recap Q3 fix 2 | C24: 2026-07-19 | D24: 2000000 | E24: HCM
A25: 7 | D25: 0
A26: 8 | D26: 0
A27: 9 | D27: 0
A28: 10 | D28: 0
A29: 11 | D29: 0
A30: 12 | D30: 0
A31: 13 | D31: 0
A32: 14 | D32: 0
A33: 15 | D33: 0
A34: 16 | D34: 0
B35: Tổng chi event (sheet này) | C35: =SUM(D19:D34)
B37: Công thức Google Sheets gợi ý (dán đè C9 / C11):
B38: =IMPORTRANGE("https://docs.google.com/spreadsheets/d/1ygn6O9Ej1-AmaeCVDOp6UD3pnbiyhG0c-ZUJ4MgNzdo/edit";"BLUESCOPE_2025!L2")
B39: =IMPORTRANGE("https://docs.google.com/spreadsheets/d/1ygn6O9Ej1-AmaeCVDOp6UD3pnbiyhG0c-ZUJ4MgNzdo/edit";"BLUESCOPE_2025!N2")
B40: Sau khi Allow access, Còn lại / công nợ / Dashboard sẽ cập nhật theo file Bluescope.

Sheet _TEMPLATE_JOB
A1: 🎬 CHI PHÍ JOB — (đổi tên sheet thành JOB_XXX) | H1: EXPORT_KPI
B2: Agency / Client | D2: Tên job | H2: Agency | I2: =C2
B3: Trạng thái | C3: Đang làm | D3: Link file ngoài (nếu có) | H3: Job | I3: =E2
H4: Tong_HD | I4: =C6
B5: A. HỢP ĐỒNG | H5: Da_Thu | I5: =C8
B6: Tổng phí ký hợp đồng | C6: 0 | D6: ← Nhập tổng giá trị HĐ | H6: Con_Lai | I6: =C9
B7: Phí xuất hoá đơn | C7: =C6*'99_CAU_HINH'!C4 | D7: =% phí × Tổng HĐ (cấu hình) | H7: Chi_Phi | I7: =C32
B8: Đã thu từ KH | C8: 0 | D8: ← Số đã nhận | H8: Loi_Nhuan | I8: =C33
B9: Còn phải thu (công nợ) | C9: =C6-C8 | D9: Tổng HĐ − Đã thu | H9: A_Tan | I9: =C34
H10: LN_Con_Lai | I10: =C35
B11: B. CHI PHÍ SẢN XUẤT (nhập từng dòng) | H11: Trang_Thai | I11: =C3
A12: # | B12: Hạng mục | C12: Số tiền (đ) | D12: Ghi chú | E12: Người nhận | F12: Đã chi? | H12: Link | I12: =E3
A13: 1 | B13: Camop 1 | C13: 0 | D13: Camera Operator 1 | F13: Chưa
A14: 2 | B14: Camop 2 | C14: 0 | D14: Camera Operator 2 | F14: Chưa
A15: 3 | B15: Producer | C15: 0 | D15: Producer / Đạo diễn | F15: Chưa
A16: 4 | B16: Catering | C16: 0 | D16: Ăn uống / hậu cần | F16: Chưa
A17: 5 | B17: Talent | C17: 0 | D17: Diễn viên / Người mẫu | F17: Chưa
A18: 6 | B18: Edit / Post | C18: 0 | D18: Dựng / post | F18: Chưa
A19: 7 | B19: Thiết bị / khác | C19: 0 | D19: Thuê máy, location… | F19: Chưa
A20: 8 | B20: Chi khác 1 | C20: 0 | F20: Chưa
A21: 9 | B21: Chi khác 2 | C21: 0 | F21: Chưa
A22: 10 | B22: Chi khác 3 | C22: 0 | F22: Chưa
A23: 11 | C23: 0
A24: 12 | C24: 0
A25: 13 | C25: 0
A26: 14 | C26: 0
A27: 15 | C27: 0
B29: Tổng chi phí sản xuất | C29: =SUM(C13:C27)
B31: C. TỔNG KẾT P&L
B32: Tổng chi phí (HĐ fee + SX) | C32: =C7+C29 | D32: Phí HĐ + SX
B33: Lợi nhuận gộp | C33: =C6-C32 | D33: Tổng HĐ − Tổng chi phí
B34: 💰 A Tân (share) | C34: =C33*'99_CAU_HINH'!C5 | D34: % LN từ cấu hình
B35: Lợi nhuận còn lại | C35: =C33-C34 | D35: Sau A Tân
B36: Công nợ còn lại | C36: =C9 | D36: Link sang 03_CONG_NO / Agency
B39: 📌 Sau khi copy sheet: đổi tên tab JOB_XXX → cập nhật dòng tương ứng ở 02_JOB_AGENCY (cột Tên sheet).

Sheet 99_CAU_HINH
A1: 99 · CẤU HÌNH HỆ THỐNG
B3: Tham số | C3: Giá trị | D3: Ghi chú
B4: Phi_Xuat_HD | C4: 0.04 | D4: Phí xuất hoá đơn (4%) — dùng trong job template
B5: Ty_Le_A_Tan | C5: 0.2 | D5: A Tân nhận % lợi nhuận gộp
B6: Tien_Hien_Co | C6: 71000000 | D6: Cập nhật tay — Dashboard đọc ô này
B7: No_Goc_MOM | C7: 88000000 | D7: Nợ gốc MOM
B8: Tra_Moi_Thang_MOM | C8: 2000000 | D8: Trả mỗi tháng MOM
B9: No_Goc_Tri | C9: 175000000 | D9: Nợ gốc a Trí
B10: Bluescope_Sheet_ID | C10: 1ygn6O9Ej1-AmaeCVDOp6UD3pnbiyhG0c-ZUJ4MgNzdo | D10: ID file booking Bluescope (riêng)
B11: Bluescope_URL | C11: https://docs.google.com/spreadsheets/d/1ygn6O9Ej1-AmaeCVDOp6UD3pnbiyhG0c-ZUJ4MgNzdo/edit | D11: Link mở Bluescope
B12: Bluescope_Tab | C12: BLUESCOPE_2025 | D12: Tên tab chính trong file Bluescope
B13: Money_Sheet_ID | C13: 12dpkDrLw1Cban2KNyNiHJ6vfqun_Las8Qa_ZI1cA3Js | D13: ID file MONEY 2026 chính
B15: Công thức IMPORTRANGE mẫu (dán vào Google Sheets)
B16: =IMPORTRANGE("https://docs.google.com/spreadsheets/d/1ygn6O9Ej1-AmaeCVDOp6UD3pnbiyhG0c-ZUJ4MgNzdo/edit";"BLUESCOPE_2025!L2")
B17: Lần đầu Google Sheets sẽ hiện Allow access — bấm Allow.
